{
  "0": {},
  "1": {},
  "2": {},
  "3": {},
  "4": {},
  "5": {},
  "6": {
    "13": 2.80011436582559,
    "15": 2.1378051967693996,
    "16": 1.6562872837638887,
    "17": 1.4813815520021498,
    "18": 1.5910084698184748
  },
  "7": {
    "11": 0.26371549331905053,
    "12": 0.7435839603607022,
    "13": 1.7829690870746495,
    "14": 2.8415222355537093,
    "15": 3.302722995731273,
    "16": 3.3008009174512964,
    "17": 3.276582388334826,
    "18": 3.2920589618789897,
    "19": 3.3201760543540804,
    "20": 3.056803463569179
  },
  "8": {
    "9": 1.7029134235094376,
    "10": 0.47755864618074234,
    "11": 0.13499178509764487,
    "12": 0.4203124237725658,
    "13": 1.5842356313269288,
    "14": 3.366901230526756,
    "15": 4.781729606536617,
    "16": 5.415433760899736,
    "17": 5.630565726657748,
    "18": 5.4927783278782405,
    "19": 5.0503386706146784,
    "20": 4.283121056400395,
    "21": 3.1210260513369024,
    "22": 2.026589652412225
  },
  "9": {
    "7": 6.912171053227809,
    "8": 5.766135957461348,
    "9": 3.5355339059327373,
    "10": 1.5811122618726527,
    "11": 0.6674856610730963,
    "12": 0.7418554899544805,
    "13": 1.8494690455018037,
    "14": 3.871149155674999,
    "15": 5.819581934689131,
    "16": 6.909817098282572,
    "17": 7.27537157249815,
    "18": 6.988643794804817,
    "19": 6.150972854661183,
    "20": 4.889974025684306,
    "21": 3.340959112287459,
    "22": 1.9302969405389767,
    "23": 1.1563007065644169
  },
  "10": {
    "7": 8.483558022481777,
    "8": 8.092040863138443,
    "9": 5.952276797119113,
    "10": 3.5355339059327373,
    "11": 1.990825854767755,
    "12": 1.6884012561067698,
    "13": 2.6389623752556197,
    "14": 4.571266844053915,
    "15": 6.497746787039141,
    "16": 7.533160476142994,
    "17": 7.677359652210028,
    "18": 7.164278221954906,
    "19": 6.257879037386704,
    "20": 4.937930526613838,
    "21": 3.2794568929289003,
    "22": 1.7070521159051917,
    "23": 0.7042801677399145,
    "24": 0.38726696936775307
  },
  "11": {
    "6": 5.924503923686069,
    "7": 8.698041152213765,
    "8": 9.179545970385117,
    "9": 7.648525582910027,
    "10": 5.376335716280582,
    "11": 3.6925552289200088,
    "12": 3.2546752297067254,
    "13": 4.060990353228496,
    "14": 5.677596567879766,
    "15": 7.142149813663737,
    "16": 7.705986516152863,
    "17": 7.3909925079688925,
    "18": 6.703762259138404,
    "19": 6.02422885139071,
    "20": 5.149036168234935,
    "21": 3.758976204324593,
    "22": 2.0696391177267905,
    "23": 0.7262364492233863,
    "24": 0.1497668926546195
  },
  "12": {
    "5": 2.1405674273027837,
    "6": 4.754043619155268,
    "7": 7.43369726286809,
    "8": 8.49109611173478,
    "9": 7.782018456288245,
    "10": 6.16801166787309,
    "11": 4.930859002920743,
    "12": 4.765429511608749,
    "13": 5.561581669699919,
    "14": 6.771070600970608,
    "15": 7.611283468807982,
    "16": 7.621090032517088,
    "17": 6.943204489280635,
    "18": 6.342633699004403,
    "19": 6.2039036751842005,
    "20": 6.103073577191451,
    "21": 5.296538738979445,
    "22": 3.5355795234985017,
    "23": 1.6014735890724408,
    "24": 0.46447507587311665,
    "25": 0.25845219886044274
  },
  "13": {
    "5": 1.7345204724765848,
    "6": 3.4497993217393415,
    "7": 5.530134360957499,
    "8": 6.819164959497717,
    "9": 6.868925341212591,
    "10": 6.00814833739893,
    "11": 5.241805147835443,
    "12": 5.290623912041651,
    "13": 6.081660465757482,
    "14": 6.9719033093545875,
    "15": 7.375309117029914,
    "16": 7.091299317154077,
    "17": 6.376253568649396,
    "18": 6.131610007921241,
    "19": 6.729169144734661,
    "20": 7.564408338307098,
    "21": 7.506137529980519,
    "22": 5.920697656484172,
    "23": 3.535533905932736,
    "24": 1.6625382997003768,
    "25": 0.9056448841940266
  },
  "14": {
    "5": 1.505394798704337,
    "6": 2.5162656976736337,
    "7": 4.044305389880659,
    "8": 5.453070292247988,
    "9": 6.067226949657364,
    "10": 5.7000628920810295,
    "11": 5.019648780953606,
    "12": 4.790297159150546,
    "13": 5.17679459596056,
    "14": 5.6792508759846205,
    "15": 5.878822853829528,
    "16": 5.679271331548832,
    "17": 5.279635186402253,
    "18": 5.485099746251802,
    "19": 6.703968729950698,
    "20": 8.334164079548481,
    "21": 9.104490693887964,
    "22": 8.126135152114477,
    "23": 5.827113729012387,
    "24": 3.5323226159938654,
    "25": 2.1365990502036154
  },
  "15": {
    "5": 1.2684417550542901,
    "6": 2.0042773458146304,
    "7": 3.410673756106247,
    "8": 5.088694843099751,
    "9": 6.121988201502449,
    "10": 5.921616747172339,
    "11": 4.8970455407048705,
    "12": 3.949279726012417,
    "13": 3.566229884627319,
    "14": 3.5355339059327373,
    "15": 3.5355339059327373,
    "16": 3.5355339059327373,
    "17": 3.577261514117507,
    "18": 4.129584456851172,
    "19": 5.6654218926949875,
    "20": 7.792730250049916,
    "21": 9.267925571763056,
    "22": 9.025722789679714,
    "23": 7.23320148951046,
    "24": 4.987732603718392,
    "25": 3.148952324898109
  },
  "16": {
    "5": 0.9586679379351326,
    "6": 1.6513009193130566,
    "7": 3.3008009174512964,
    "8": 5.415754110586009,
    "9": 6.819003393276159,
    "10": 6.603371532118667,
    "11": 5.036135797202394,
    "12": 3.2834737428237877,
    "13": 2.201964736736888,
    "14": 1.7612599249212213,
    "15": 1.6286632057058341,
    "16": 1.7612481498374921,
    "17": 2.1401564119702865,
    "18": 2.9281489872907427,
    "19": 4.5612153691221655,
    "20": 6.864087588792559,
    "21": 8.729380861405145,
    "22": 9.016322417820184,
    "23": 7.6386203252512885,
    "24": 5.44220280578876,
    "25": 3.423792842748814
  },
  "17": {
    "5": 0.8126066439342006,
    "6": 1.4813815520021498,
    "7": 3.276582388334826,
    "8": 5.630565726657748,
    "9": 7.2376295925795295,
    "10": 7.038824810374351,
    "11": 5.239409478996606,
    "12": 3.108836586521109,
    "13": 1.6822675713824524,
    "14": 1.0289592079450982,
    "15": 0.8179243466634317,
    "16": 0.9765610888411186,
    "17": 1.4989677828339143,
    "18": 2.461731406676365,
    "19": 4.098251504818524,
    "20": 6.350196289704262,
    "21": 8.345998697559809,
    "22": 8.988086155158982,
    "23": 7.8832481462492705,
    "24": 5.662605351563377,
    "25": 3.5292473304433014
  },
  "18": {
    "5": 1.006616261393161,
    "6": 1.5910247945906308,
    "7": 3.2920589618789897,
    "8": 5.492883995414867,
    "9": 7.0393566276706645,
    "10": 7.1894355349749635,
    "11": 5.912911472183531,
    "12": 4.007646148524803,
    "13": 2.4363268033993513,
    "14": 1.4960313145335653,
    "15": 1.0598496786459886,
    "16": 1.0712172454073257,
    "17": 1.495001508459426,
    "18": 2.4346080339055636,
    "19": 4.0030156895108675,
    "20": 6.12495905875321,
    "21": 8.202798980536132,
    "22": 9.223278021343216,
    "23": 8.466319857225528,
    "24": 6.367244965653535,
    "25": 4.221857763545811
  },
  "19": {
    "6": 2.0212852974179105,
    "7": 3.3712007887497952,
    "8": 5.1144984242239575,
    "9": 6.690535725062267,
    "10": 7.563137117361269,
    "11": 7.306237469634623,
    "12": 6.05475342600951,
    "13": 4.486682925483038,
    "14": 3.104520233652288,
    "15": 2.172962160749264,
    "16": 1.7231278182937042,
    "17": 1.6973676303397898,
    "18": 2.184650841123145,
    "19": 3.3808036396044026,
    "20": 5.354831144346093,
    "21": 7.668383182334278,
    "22": 9.244287770480923,
    "23": 9.083421654479785,
    "24": 7.413822098271636
  },
  "20": {
    "6": 3.1772900899275203,
    "7": 3.92919860024048,
    "8": 5.027410415049597,
    "9": 6.616236268343506,
    "10": 8.173772448099356,
    "11": 8.80779085610612,
    "12": 8.178087449923723,
    "13": 6.608387899431811,
    "14": 4.73748554960583,
    "15": 3.2409293890324675,
    "16": 2.1906855207409475,
    "17": 1.556480164359606,
    "18": 1.4198010455807544,
    "19": 1.970111453812948,
    "20": 3.5355339059327373,
    "21": 5.952276797119113,